--
-- PostgreSQL database dump
--

-- Dumped from database version 12.20 (Ubuntu 12.20-0ubuntu0.20.04.1)
-- Dumped by pg_dump version 12.20 (Ubuntu 12.20-0ubuntu0.20.04.1)

SET statement_timeout = 0;
SET lock_timeout = 0;
SET idle_in_transaction_session_timeout = 0;
SET client_encoding = 'UTF8';
SET standard_conforming_strings = on;
SELECT pg_catalog.set_config('search_path', '', false);
SET check_function_bodies = false;
SET xmloption = content;
SET client_min_messages = warning;
SET row_security = off;

--
-- Name: check_product_quantity(); Type: FUNCTION; Schema: public; Owner: x3ron
--

CREATE FUNCTION public.check_product_quantity() RETURNS trigger
    LANGUAGE plpgsql
    AS $$
BEGIN
    IF NEW.quantity > (SELECT quantity FROM products WHERE id = NEW.product_id) THEN
        RAISE EXCEPTION 'Not enough products in stock for product %', NEW.product_id;
    END IF;
    RETURN NEW;
END;
$$;


ALTER FUNCTION public.check_product_quantity() OWNER TO x3ron;

--
-- Name: create_order_with_items(integer, text, integer[]); Type: PROCEDURE; Schema: public; Owner: x3ron
--

CREATE PROCEDURE public.create_order_with_items(p_user_id integer, p_delivery_address text, p_cart_items integer[])
    LANGUAGE plpgsql
    AS $$
DECLARE
 v_order_id INTEGER;
 v_total_price DECIMAL := 0;
 v_product_id INTEGER;
 v_quantity INTEGER;
 v_price DECIMAL;
BEGIN
 INSERT INTO orders (user_id, total_price, delivery_address, status)
VALUES (p_user_id, 0, p_delivery_address, 'pending')
RETURNING id INTO v_order_id;
FOR i IN 1..array_length(p_cart_items, 1) LOOP
v_product_id := p_cart_items[i][1];
v_quantity := p_cart_items[i][2];
  IF v_quantity > (SELECT quantity FROM products WHERE id = v_product_id) THEN
   RAISE EXCEPTION 'Not enough stock for product %', v_product_id;
  END IF;
SELECT price INTO v_price FROM products WHERE id = v_product_id;
v_total_price := v_total_price + (v_price * v_quantity);
INSERT INTO order_items (order_id, product_id, quantity, price)
VALUES (v_order_id, v_product_id, v_quantity, v_price);
END LOOP;
UPDATE orders SET total_price = v_total_price WHERE id = v_order_id;
DELETE FROM cart WHERE user_id = p_user_id;
INSERT INTO logs (user_id, action) VALUES (p_user_id, 'Created order ' || v_order_id);
END;
$$;


ALTER PROCEDURE public.create_order_with_items(p_user_id integer, p_delivery_address text, p_cart_items integer[]) OWNER TO x3ron;

--
-- Name: get_user_order_count(integer); Type: FUNCTION; Schema: public; Owner: x3ron
--

CREATE FUNCTION public.get_user_order_count(p_user_id integer) RETURNS integer
    LANGUAGE plpgsql
    AS $$
BEGIN
    RETURN (SELECT COUNT(*) FROM orders WHERE user_id = p_user_id);
END;
$$;


ALTER FUNCTION public.get_user_order_count(p_user_id integer) OWNER TO x3ron;

--
-- Name: log_delivery_action(); Type: FUNCTION; Schema: public; Owner: x3ron
--

CREATE FUNCTION public.log_delivery_action() RETURNS trigger
    LANGUAGE plpgsql
    AS $$
BEGIN
    IF TG_OP = 'INSERT' THEN
        INSERT INTO logs (user_id, action)
        VALUES (NEW.courier_id, 'Assigned delivery for order ' || NEW.order_id);
    ELSIF TG_OP = 'UPDATE' THEN
        IF NEW.status = 'delivered' THEN
            INSERT INTO logs (user_id, action)
            VALUES (NEW.courier_id, 'Delivered order ' || NEW.order_id);
        ELSIF NEW.status = 'cancelled' THEN
            INSERT INTO logs (user_id, action)
            VALUES (NEW.courier_id, 'Cancelled delivery for order ' || NEW.order_id || ' - Reason: ' || NEW.cancel_reason);
        ELSE
            INSERT INTO logs (user_id, action)
            VALUES (NEW.courier_id, 'Updated delivery status for order ' || NEW.order_id || ' to ' || NEW.status);
        END IF;
    END IF;
    RETURN NULL;
END;
$$;


ALTER FUNCTION public.log_delivery_action() OWNER TO x3ron;

--
-- Name: log_product_action(); Type: FUNCTION; Schema: public; Owner: x3ron
--

CREATE FUNCTION public.log_product_action() RETURNS trigger
    LANGUAGE plpgsql
    AS $$
BEGIN
    IF TG_OP = 'INSERT' THEN
        INSERT INTO logs (user_id, action)
        VALUES (NEW.seller_id, 'Added product: ' || NEW.name);
    ELSIF TG_OP = 'UPDATE' THEN
        INSERT INTO logs (user_id, action)
        VALUES (NEW.seller_id, 'Updated product: ' || NEW.name);
    ELSIF TG_OP = 'DELETE' THEN
        INSERT INTO logs (user_id, action)
        VALUES (OLD.seller_id, 'Deleted product: ' || OLD.name);
    END IF;
    RETURN NULL;
END;
$$;


ALTER FUNCTION public.log_product_action() OWNER TO x3ron;

--
-- Name: update_product_quantity_on_order(); Type: FUNCTION; Schema: public; Owner: x3ron
--

CREATE FUNCTION public.update_product_quantity_on_order() RETURNS trigger
    LANGUAGE plpgsql
    AS $$
BEGIN
    UPDATE products
    SET quantity = quantity - NEW.quantity
    WHERE id = NEW.product_id;
    RETURN NEW;
END;
$$;


ALTER FUNCTION public.update_product_quantity_on_order() OWNER TO x3ron;

SET default_tablespace = '';

SET default_table_access_method = heap;

--
-- Name: cart; Type: TABLE; Schema: public; Owner: x3ron
--

CREATE TABLE public.cart (
    user_id integer NOT NULL,
    product_id integer NOT NULL,
    quantity integer NOT NULL
);


ALTER TABLE public.cart OWNER TO x3ron;

--
-- Name: delivery; Type: TABLE; Schema: public; Owner: x3ron
--

CREATE TABLE public.delivery (
    order_id integer NOT NULL,
    courier_id integer,
    status text NOT NULL,
    estimated_delivery timestamp without time zone,
    delivered_at timestamp without time zone,
    cancel_reason text
);


ALTER TABLE public.delivery OWNER TO x3ron;

--
-- Name: logs; Type: TABLE; Schema: public; Owner: x3ron
--

CREATE TABLE public.logs (
    id integer NOT NULL,
    user_id integer,
    action text NOT NULL,
    "timestamp" timestamp without time zone DEFAULT CURRENT_TIMESTAMP
);


ALTER TABLE public.logs OWNER TO x3ron;

--
-- Name: logs_id_seq; Type: SEQUENCE; Schema: public; Owner: x3ron
--

CREATE SEQUENCE public.logs_id_seq
    AS integer
    START WITH 1
    INCREMENT BY 1
    NO MINVALUE
    NO MAXVALUE
    CACHE 1;


ALTER TABLE public.logs_id_seq OWNER TO x3ron;

--
-- Name: logs_id_seq; Type: SEQUENCE OWNED BY; Schema: public; Owner: x3ron
--

ALTER SEQUENCE public.logs_id_seq OWNED BY public.logs.id;


--
-- Name: order_items; Type: TABLE; Schema: public; Owner: x3ron
--

CREATE TABLE public.order_items (
    order_id integer NOT NULL,
    product_id integer NOT NULL,
    quantity integer NOT NULL,
    price numeric NOT NULL
);


ALTER TABLE public.order_items OWNER TO x3ron;

--
-- Name: orders; Type: TABLE; Schema: public; Owner: x3ron
--

CREATE TABLE public.orders (
    id integer NOT NULL,
    user_id integer,
    total_price numeric NOT NULL,
    delivery_address text NOT NULL,
    status text DEFAULT 'pending'::text NOT NULL,
    created_at timestamp without time zone DEFAULT CURRENT_TIMESTAMP
);


ALTER TABLE public.orders OWNER TO x3ron;

--
-- Name: users; Type: TABLE; Schema: public; Owner: x3ron
--

CREATE TABLE public.users (
    id integer NOT NULL,
    name text NOT NULL,
    email text NOT NULL,
    password text NOT NULL,
    role text NOT NULL,
    CONSTRAINT users_role_check CHECK ((role = ANY (ARRAY['customer'::text, 'seller'::text, 'courier'::text, 'admin'::text])))
);


ALTER TABLE public.users OWNER TO x3ron;

--
-- Name: order_summary; Type: VIEW; Schema: public; Owner: x3ron
--

CREATE VIEW public.order_summary AS
 SELECT o.id,
    o.status,
    o.total_price,
    o.created_at,
    u.name AS customer
   FROM (public.orders o
     JOIN public.users u ON ((o.user_id = u.id)));


ALTER TABLE public.order_summary OWNER TO x3ron;

--
-- Name: orders_id_seq; Type: SEQUENCE; Schema: public; Owner: x3ron
--

CREATE SEQUENCE public.orders_id_seq
    AS integer
    START WITH 1
    INCREMENT BY 1
    NO MINVALUE
    NO MAXVALUE
    CACHE 1;


ALTER TABLE public.orders_id_seq OWNER TO x3ron;

--
-- Name: orders_id_seq; Type: SEQUENCE OWNED BY; Schema: public; Owner: x3ron
--

ALTER SEQUENCE public.orders_id_seq OWNED BY public.orders.id;


--
-- Name: products; Type: TABLE; Schema: public; Owner: x3ron
--

CREATE TABLE public.products (
    id integer NOT NULL,
    name text NOT NULL,
    description text,
    price numeric NOT NULL,
    quantity integer NOT NULL,
    image_urls text[],
    seller_id integer
);


ALTER TABLE public.products OWNER TO x3ron;

--
-- Name: products_id_seq; Type: SEQUENCE; Schema: public; Owner: x3ron
--

CREATE SEQUENCE public.products_id_seq
    AS integer
    START WITH 1
    INCREMENT BY 1
    NO MINVALUE
    NO MAXVALUE
    CACHE 1;


ALTER TABLE public.products_id_seq OWNER TO x3ron;

--
-- Name: products_id_seq; Type: SEQUENCE OWNED BY; Schema: public; Owner: x3ron
--

ALTER SEQUENCE public.products_id_seq OWNED BY public.products.id;


--
-- Name: sessions; Type: TABLE; Schema: public; Owner: x3ron
--

CREATE TABLE public.sessions (
    id integer NOT NULL,
    user_id integer,
    session_code character varying(128) NOT NULL,
    created_at timestamp without time zone NOT NULL
);


ALTER TABLE public.sessions OWNER TO x3ron;

--
-- Name: sessions_id_seq; Type: SEQUENCE; Schema: public; Owner: x3ron
--

CREATE SEQUENCE public.sessions_id_seq
    AS integer
    START WITH 1
    INCREMENT BY 1
    NO MINVALUE
    NO MAXVALUE
    CACHE 1;


ALTER TABLE public.sessions_id_seq OWNER TO x3ron;

--
-- Name: sessions_id_seq; Type: SEQUENCE OWNED BY; Schema: public; Owner: x3ron
--

ALTER SEQUENCE public.sessions_id_seq OWNED BY public.sessions.id;


--
-- Name: users_id_seq; Type: SEQUENCE; Schema: public; Owner: x3ron
--

CREATE SEQUENCE public.users_id_seq
    AS integer
    START WITH 1
    INCREMENT BY 1
    NO MINVALUE
    NO MAXVALUE
    CACHE 1;


ALTER TABLE public.users_id_seq OWNER TO x3ron;

--
-- Name: users_id_seq; Type: SEQUENCE OWNED BY; Schema: public; Owner: x3ron
--

ALTER SEQUENCE public.users_id_seq OWNED BY public.users.id;


--
-- Name: logs id; Type: DEFAULT; Schema: public; Owner: x3ron
--

ALTER TABLE ONLY public.logs ALTER COLUMN id SET DEFAULT nextval('public.logs_id_seq'::regclass);


--
-- Name: orders id; Type: DEFAULT; Schema: public; Owner: x3ron
--

ALTER TABLE ONLY public.orders ALTER COLUMN id SET DEFAULT nextval('public.orders_id_seq'::regclass);


--
-- Name: products id; Type: DEFAULT; Schema: public; Owner: x3ron
--

ALTER TABLE ONLY public.products ALTER COLUMN id SET DEFAULT nextval('public.products_id_seq'::regclass);


--
-- Name: sessions id; Type: DEFAULT; Schema: public; Owner: x3ron
--

ALTER TABLE ONLY public.sessions ALTER COLUMN id SET DEFAULT nextval('public.sessions_id_seq'::regclass);


--
-- Name: users id; Type: DEFAULT; Schema: public; Owner: x3ron
--

ALTER TABLE ONLY public.users ALTER COLUMN id SET DEFAULT nextval('public.users_id_seq'::regclass);


--
-- Data for Name: cart; Type: TABLE DATA; Schema: public; Owner: x3ron
--

COPY public.cart (user_id, product_id, quantity) FROM stdin;
\.


--
-- Data for Name: delivery; Type: TABLE DATA; Schema: public; Owner: x3ron
--

COPY public.delivery (order_id, courier_id, status, estimated_delivery, delivered_at, cancel_reason) FROM stdin;
2	3	delivered	2025-03-12 19:32:00	2025-03-13 09:02:02.01308	Я забыл куда ехать
4	3	delivered	2025-03-14 16:15:00	2025-03-13 09:12:51.746001	\N
3	5	assigned	2025-02-21 12:12:00	\N	\N
\.


--
-- Data for Name: logs; Type: TABLE DATA; Schema: public; Owner: x3ron
--

COPY public.logs (id, user_id, action, "timestamp") FROM stdin;
1	1	User Покупатель registered	2025-03-12 19:07:59.977504
2	2	User Продавец registered	2025-03-12 19:08:10.419136
3	3	User Курьер registered	2025-03-12 19:08:23.339085
4	4	User Админ registered	2025-03-12 19:08:33.167711
5	1	User Покупатель logged in	2025-03-12 19:08:37.270926
6	1	User logged out	2025-03-12 19:08:41.220339
7	2	User Продавец logged in	2025-03-12 19:08:44.447105
8	2	Added product: Консервированный горох	2025-03-12 19:10:43.79369
9	2	Updated product: Консервированный горох	2025-03-12 19:11:40.985308
10	2	User logged out	2025-03-12 19:12:22.66962
11	4	User Админ logged in	2025-03-12 19:12:27.114174
12	4	User Админ logged in	2025-03-12 19:23:01.261926
13	4	User logged out	2025-03-12 19:23:37.033947
14	1	User Покупатель logged in	2025-03-12 19:23:39.341143
15	1	Added 1 of product 1 to cart	2025-03-12 19:23:40.938256
18	1	User Покупатель logged in	2025-03-12 19:30:49.776271
19	2	Updated product: Консервированный горох	2025-03-12 19:31:03.478881
20	1	Created order 2	2025-03-12 19:31:03.478881
21	1	Order 2 paid	2025-03-12 19:31:08.793207
22	1	User logged out	2025-03-12 19:31:11.341024
23	2	User Продавец logged in	2025-03-12 19:31:14.764702
24	2	User logged out	2025-03-12 19:31:31.330945
25	4	User Админ logged in	2025-03-12 19:31:33.400123
26	4	User logged out	2025-03-12 19:31:59.581834
27	3	User Курьер logged in	2025-03-12 19:32:06.252307
28	3	Assigned delivery for order 2	2025-03-12 19:32:16.87044
29	3	Cancelled delivery for order 2 - Reason: Я забыл куда ехать	2025-03-12 19:32:28.797826
30	3	Updated delivery status for order 2 to in transit	2025-03-12 19:32:36.598513
31	3	Cancelled delivery for order 2 - Reason: Я забыл куда ехать	2025-03-12 19:32:41.480992
32	3	User logged out	2025-03-12 19:32:42.831057
33	4	User Админ logged in	2025-03-12 19:32:44.887957
34	4	User logged out	2025-03-12 19:34:10.105394
35	3	User Курьер logged in	2025-03-12 19:34:12.334256
36	3	User logged out	2025-03-12 19:34:33.099439
37	1	User Покупатель logged in	2025-03-13 08:57:32.877829
38	1	User logged out	2025-03-13 08:57:53.789615
39	4	User Админ logged in	2025-03-13 08:57:56.628767
40	4	User logged out	2025-03-13 08:58:31.600118
41	1	User Покупатель logged in	2025-03-13 08:58:36.618555
42	3	User Курьер logged in	2025-03-13 09:01:49.767223
43	3	Delivered order 2	2025-03-13 09:02:02.013279
44	3	User logged out	2025-03-13 09:02:12.24191
45	1	User Покупатель logged in	2025-03-13 09:02:26.701587
46	1	User logged out	2025-03-13 09:02:34.826852
47	2	User Продавец logged in	2025-03-13 09:02:37.635088
48	2	Added product: asd	2025-03-13 09:03:39.515484
49	2	User logged out	2025-03-13 09:03:52.78041
50	1	User Покупатель logged in	2025-03-13 09:03:57.890478
51	1	Added 12312 of product 2 to cart	2025-03-13 09:04:12.069007
52	2	Updated product: asd	2025-03-13 09:04:37.417466
53	1	Created order 3	2025-03-13 09:04:37.417466
54	1	Order 3 paid	2025-03-13 09:04:40.500587
55	1	User logged out	2025-03-13 09:10:54.828337
56	2	User Продавец logged in	2025-03-13 09:10:57.793954
57	2	Updated product: asd	2025-03-13 09:11:07.795286
58	2	User logged out	2025-03-13 09:11:18.713078
59	1	User Покупатель logged in	2025-03-13 09:11:24.44875
60	1	Added 1 of product 2 to cart	2025-03-13 09:11:35.288291
61	1	Added 1 of product 2 to cart	2025-03-13 09:11:46.108064
62	1	Added 1 of product 2 to cart	2025-03-13 09:11:47.99339
63	1	Added 1 of product 2 to cart	2025-03-13 09:11:49.105945
64	2	Updated product: asd	2025-03-13 09:12:04.880784
65	1	Created order 4	2025-03-13 09:12:04.880784
66	1	Order 4 paid	2025-03-13 09:12:21.832982
67	1	User logged out	2025-03-13 09:12:30.248653
68	3	User Курьер logged in	2025-03-13 09:12:32.774694
69	3	Assigned delivery for order 4	2025-03-13 09:12:48.554351
70	3	Delivered order 4	2025-03-13 09:12:51.746156
71	3	User logged out	2025-03-13 09:12:58.462214
72	4	User Админ logged in	2025-03-13 09:13:02.018064
73	1	User Покупатель logged in	2025-03-13 09:31:17.267091
74	1	User logged out	2025-03-13 09:36:00.259903
75	3	User Курьер logged in	2025-03-13 09:36:04.863108
76	3	User logged out	2025-03-13 09:45:22.545899
77	5	User курьер 2 registered	2025-03-13 09:45:37.564844
78	5	User курьер 2 logged in	2025-03-13 09:45:42.139215
79	5	Assigned delivery for order 3	2025-03-13 09:45:54.761913
80	5	User logged out	2025-03-13 09:45:57.578913
81	3	User Курьер logged in	2025-03-13 09:46:00.055581
82	3	User logged out	2025-03-13 09:46:03.014717
83	5	User курьер 2 logged in	2025-03-13 09:46:06.511094
84	5	User logged out	2025-03-13 09:53:08.520897
85	1	User Покупатель logged in	2025-03-13 09:53:13.667204
86	1	User logged out	2025-03-13 09:59:47.41825
87	4	User Админ logged in	2025-03-13 09:59:50.657263
88	4	User Админ logged in	2025-03-13 10:11:53.315075
89	4	User logged out	2025-03-13 10:14:12.404969
90	2	User Продавец logged in	2025-03-13 10:14:16.03553
91	2	User logged out	2025-03-13 10:25:02.361314
92	4	User Админ logged in	2025-03-13 10:25:05.299415
93	\N	Added product: админка	2025-03-13 10:25:41.974333
94	4	User logged out	2025-03-13 10:25:46.635283
95	1	User Покупатель logged in	2025-03-13 10:25:49.825792
96	1	User logged out	2025-03-13 10:38:59.820044
97	4	User Админ logged in	2025-03-13 10:39:02.179275
98	4	User logged out	2025-03-13 10:44:33.968153
99	5	User курьер 2 logged in	2025-03-13 10:44:38.40782
100	5	User logged out	2025-03-13 10:58:13.19563
101	4	User Админ logged in	2025-03-13 10:58:16.133592
102	4	User logged out	2025-03-13 10:59:56.090831
103	2	User Продавец logged in	2025-03-13 11:00:00.753889
104	4	User Админ logged in	2025-03-13 11:01:21.368184
105	\N	Deleted product: админка	2025-03-13 11:01:32.073784
106	2	Added product: админка	2025-03-13 11:02:01.632153
107	4	User logged out	2025-03-13 11:02:07.136716
108	2	User Продавец logged in	2025-03-13 11:02:10.155971
109	2	Added product: тестирование	2025-03-13 11:03:10.684588
110	2	User logged out	2025-03-13 11:03:27.734726
111	6	User продавец 2 registered	2025-03-13 11:03:43.253609
112	6	User продавец 2 logged in	2025-03-13 11:03:47.034466
113	6	Added product: продавец2	2025-03-13 11:04:32.673404
114	6	User logged out	2025-03-13 11:04:43.753924
115	1	User Покупатель logged in	2025-03-13 11:04:52.098343
116	1	Added 1 of product 6 to cart	2025-03-13 11:04:55.449791
117	1	Added 1 of product 1 to cart	2025-03-13 11:05:00.076997
118	2	Updated product: Консервированный горох	2025-03-13 11:05:07.781278
119	6	Updated product: продавец2	2025-03-13 11:05:07.781278
120	1	Created order 5	2025-03-13 11:05:07.781278
121	1	Order 5 paid	2025-03-13 11:05:11.70944
122	1	User logged out	2025-03-13 11:05:15.125158
123	6	User продавец 2 logged in	2025-03-13 11:05:18.918774
124	6	User logged out	2025-03-13 11:05:32.263969
125	2	User Продавец logged in	2025-03-13 11:05:37.084152
126	2	User logged out	2025-03-13 11:05:50.879021
127	2	User Продавец logged in	2025-03-13 18:31:10.624284
128	2	User Продавец logged in	2025-03-13 18:56:27.352834
129	2	User Продавец logged in	2025-03-13 18:57:14.340584
130	2	User logged out	2025-03-13 19:49:58.371365
131	4	User Админ logged in	2025-03-13 19:50:01.11702
132	4	User logged out	2025-03-13 20:13:16.557065
133	1	User Покупатель logged in	2025-03-13 20:13:20.89594
134	1	User logged out	2025-03-13 20:21:37.642676
135	4	User Админ logged in	2025-03-13 20:21:39.388155
136	4	User logged out	2025-03-13 20:25:08.959805
137	4	User Админ logged in	2025-03-13 20:25:32.836657
138	4	User logged out	2025-03-13 20:25:38.220469
139	3	User Курьер logged in	2025-03-13 20:28:03.444551
140	3	User logged out	2025-03-13 20:29:06.535117
141	6	User продавец 2 logged in	2025-03-13 20:29:08.629198
142	6	User продавец 2 logged in	2025-03-13 20:54:53.942204
143	6	User продавец 2 logged in	2025-03-13 20:55:23.149749
144	6	User продавец 2 logged in	2025-03-13 20:57:40.823144
145	6	User logged out	2025-03-13 21:54:53.827704
146	4	User Админ logged in	2025-03-13 21:54:56.738285
147	4	User logged out	2025-03-13 21:57:39.090639
148	6	User продавец 2 logged in	2025-03-13 21:57:42.269783
149	4	User Админ logged in	2025-03-13 23:19:07.665748
150	4	User Админ logged in	2025-03-13 23:19:57.309072
\.


--
-- Data for Name: order_items; Type: TABLE DATA; Schema: public; Owner: x3ron
--

COPY public.order_items (order_id, product_id, quantity, price) FROM stdin;
2	1	1	200.0
3	2	12312	12.0
4	2	4	12.0
5	1	1	200.0
5	6	1	12.0
\.


--
-- Data for Name: orders; Type: TABLE DATA; Schema: public; Owner: x3ron
--

COPY public.orders (id, user_id, total_price, delivery_address, status, created_at) FROM stdin;
2	1	200.0	Улица улочной дом номер 1 квартира 52	completed	2025-03-12 19:31:03.478881
4	1	48.0	оляолфаволфарглф пшлпкффпк гшфпкгщшф пшлфп	completed	2025-03-13 09:12:04.880784
3	1	147744.0	нежинская улица дом 7	in_delivery	2025-03-13 09:04:37.417466
5	1	212.0	адрес	paid	2025-03-13 11:05:07.781278
\.


--
-- Data for Name: products; Type: TABLE DATA; Schema: public; Owner: x3ron
--

COPY public.products (id, name, description, price, quantity, image_urls, seller_id) FROM stdin;
2	asd	asd	12.0	8	{static/uploads/IMG_20250130_134217.jpg}	2
4	админка	описание	12.0	12	{static/uploads/photo_2024-11-15_21-06-27.jpg}	2
5	тестирование	описание	12.0	12	{static/uploads/image.png}	2
1	Консервированный горох	горох гороророшек	200.0	10570	{static/uploads/photo_2024-11-15_21-06-27.jpg}	2
6	продавец2	описание	12.0	11	{static/uploads/20240806_155303.jpg}	6
\.


--
-- Data for Name: sessions; Type: TABLE DATA; Schema: public; Owner: x3ron
--

COPY public.sessions (id, user_id, session_code, created_at) FROM stdin;
1	6	3f3d261f5a0568cb1c048aa994bbb5bc4c40ffd80014d5817a415b1a41299b26286fdd80374b810f65aa0d362acf154bcea58442bb55141c0d08972ff13ece68	2025-03-13 20:54:53.920144
2	6	e5f88466dc61a9bf004c606a044199a112dafd7414b13e4196ccacc6ede51059ea4d885c1865e8c4a828aa381e722ca902f564d2f2bf431db7b2fc83bb5c63cb	2025-03-13 20:55:23.126924
\.


--
-- Data for Name: users; Type: TABLE DATA; Schema: public; Owner: x3ron
--

COPY public.users (id, name, email, password, role) FROM stdin;
1	Покупатель	customer@g.g	a665a45920422f9d417e4867efdc4fb8a04a1f3fff1fa07e998e86f7f7a27ae3	customer
2	Продавец	seller@g.g	a665a45920422f9d417e4867efdc4fb8a04a1f3fff1fa07e998e86f7f7a27ae3	seller
3	Курьер	courier@g.g	a665a45920422f9d417e4867efdc4fb8a04a1f3fff1fa07e998e86f7f7a27ae3	courier
4	Админ	admin@gg.gg	a665a45920422f9d417e4867efdc4fb8a04a1f3fff1fa07e998e86f7f7a27ae3	admin
5	курьер 2	courier2@g.g	a665a45920422f9d417e4867efdc4fb8a04a1f3fff1fa07e998e86f7f7a27ae3	courier
6	продавец 2	seller2@g.g	a665a45920422f9d417e4867efdc4fb8a04a1f3fff1fa07e998e86f7f7a27ae3	seller
\.


--
-- Name: logs_id_seq; Type: SEQUENCE SET; Schema: public; Owner: x3ron
--

SELECT pg_catalog.setval('public.logs_id_seq', 150, true);


--
-- Name: orders_id_seq; Type: SEQUENCE SET; Schema: public; Owner: x3ron
--

SELECT pg_catalog.setval('public.orders_id_seq', 5, true);


--
-- Name: products_id_seq; Type: SEQUENCE SET; Schema: public; Owner: x3ron
--

SELECT pg_catalog.setval('public.products_id_seq', 6, true);


--
-- Name: sessions_id_seq; Type: SEQUENCE SET; Schema: public; Owner: x3ron
--

SELECT pg_catalog.setval('public.sessions_id_seq', 2, true);


--
-- Name: users_id_seq; Type: SEQUENCE SET; Schema: public; Owner: x3ron
--

SELECT pg_catalog.setval('public.users_id_seq', 6, true);


--
-- Name: cart cart_pkey; Type: CONSTRAINT; Schema: public; Owner: x3ron
--

ALTER TABLE ONLY public.cart
    ADD CONSTRAINT cart_pkey PRIMARY KEY (user_id, product_id);


--
-- Name: delivery delivery_pkey; Type: CONSTRAINT; Schema: public; Owner: x3ron
--

ALTER TABLE ONLY public.delivery
    ADD CONSTRAINT delivery_pkey PRIMARY KEY (order_id);


--
-- Name: logs logs_pkey; Type: CONSTRAINT; Schema: public; Owner: x3ron
--

ALTER TABLE ONLY public.logs
    ADD CONSTRAINT logs_pkey PRIMARY KEY (id);


--
-- Name: order_items order_items_pkey; Type: CONSTRAINT; Schema: public; Owner: x3ron
--

ALTER TABLE ONLY public.order_items
    ADD CONSTRAINT order_items_pkey PRIMARY KEY (order_id, product_id);


--
-- Name: orders orders_pkey; Type: CONSTRAINT; Schema: public; Owner: x3ron
--

ALTER TABLE ONLY public.orders
    ADD CONSTRAINT orders_pkey PRIMARY KEY (id);


--
-- Name: products products_pkey; Type: CONSTRAINT; Schema: public; Owner: x3ron
--

ALTER TABLE ONLY public.products
    ADD CONSTRAINT products_pkey PRIMARY KEY (id);


--
-- Name: sessions sessions_pkey; Type: CONSTRAINT; Schema: public; Owner: x3ron
--

ALTER TABLE ONLY public.sessions
    ADD CONSTRAINT sessions_pkey PRIMARY KEY (id);


--
-- Name: sessions sessions_session_code_key; Type: CONSTRAINT; Schema: public; Owner: x3ron
--

ALTER TABLE ONLY public.sessions
    ADD CONSTRAINT sessions_session_code_key UNIQUE (session_code);


--
-- Name: users users_email_key; Type: CONSTRAINT; Schema: public; Owner: x3ron
--

ALTER TABLE ONLY public.users
    ADD CONSTRAINT users_email_key UNIQUE (email);


--
-- Name: users users_pkey; Type: CONSTRAINT; Schema: public; Owner: x3ron
--

ALTER TABLE ONLY public.users
    ADD CONSTRAINT users_pkey PRIMARY KEY (id);


--
-- Name: idx_delivery_status; Type: INDEX; Schema: public; Owner: x3ron
--

CREATE INDEX idx_delivery_status ON public.delivery USING btree (status);


--
-- Name: idx_logs_timestamp; Type: INDEX; Schema: public; Owner: x3ron
--

CREATE INDEX idx_logs_timestamp ON public.logs USING btree ("timestamp");


--
-- Name: idx_logs_user_id; Type: INDEX; Schema: public; Owner: x3ron
--

CREATE INDEX idx_logs_user_id ON public.logs USING btree (user_id);


--
-- Name: idx_order_items_order_id; Type: INDEX; Schema: public; Owner: x3ron
--

CREATE INDEX idx_order_items_order_id ON public.order_items USING btree (order_id);


--
-- Name: idx_orders_status; Type: INDEX; Schema: public; Owner: x3ron
--

CREATE INDEX idx_orders_status ON public.orders USING btree (status);


--
-- Name: idx_orders_user_id; Type: INDEX; Schema: public; Owner: x3ron
--

CREATE INDEX idx_orders_user_id ON public.orders USING btree (user_id);


--
-- Name: idx_products_name; Type: INDEX; Schema: public; Owner: x3ron
--

CREATE INDEX idx_products_name ON public.products USING btree (name);


--
-- Name: cart trg_check_cart_quantity; Type: TRIGGER; Schema: public; Owner: x3ron
--

CREATE TRIGGER trg_check_cart_quantity BEFORE INSERT OR UPDATE ON public.cart FOR EACH ROW EXECUTE FUNCTION public.check_product_quantity();


--
-- Name: delivery trg_log_delivery_action; Type: TRIGGER; Schema: public; Owner: x3ron
--

CREATE TRIGGER trg_log_delivery_action AFTER INSERT OR UPDATE ON public.delivery FOR EACH ROW EXECUTE FUNCTION public.log_delivery_action();


--
-- Name: products trg_log_product_action; Type: TRIGGER; Schema: public; Owner: x3ron
--

CREATE TRIGGER trg_log_product_action AFTER INSERT OR DELETE OR UPDATE ON public.products FOR EACH ROW EXECUTE FUNCTION public.log_product_action();


--
-- Name: order_items trg_update_product_quantity; Type: TRIGGER; Schema: public; Owner: x3ron
--

CREATE TRIGGER trg_update_product_quantity AFTER INSERT ON public.order_items FOR EACH ROW EXECUTE FUNCTION public.update_product_quantity_on_order();


--
-- Name: cart cart_product_id_fkey; Type: FK CONSTRAINT; Schema: public; Owner: x3ron
--

ALTER TABLE ONLY public.cart
    ADD CONSTRAINT cart_product_id_fkey FOREIGN KEY (product_id) REFERENCES public.products(id);


--
-- Name: cart cart_user_id_fkey; Type: FK CONSTRAINT; Schema: public; Owner: x3ron
--

ALTER TABLE ONLY public.cart
    ADD CONSTRAINT cart_user_id_fkey FOREIGN KEY (user_id) REFERENCES public.users(id);


--
-- Name: delivery delivery_courier_id_fkey; Type: FK CONSTRAINT; Schema: public; Owner: x3ron
--

ALTER TABLE ONLY public.delivery
    ADD CONSTRAINT delivery_courier_id_fkey FOREIGN KEY (courier_id) REFERENCES public.users(id);


--
-- Name: delivery delivery_order_id_fkey; Type: FK CONSTRAINT; Schema: public; Owner: x3ron
--

ALTER TABLE ONLY public.delivery
    ADD CONSTRAINT delivery_order_id_fkey FOREIGN KEY (order_id) REFERENCES public.orders(id);


--
-- Name: logs logs_user_id_fkey; Type: FK CONSTRAINT; Schema: public; Owner: x3ron
--

ALTER TABLE ONLY public.logs
    ADD CONSTRAINT logs_user_id_fkey FOREIGN KEY (user_id) REFERENCES public.users(id);


--
-- Name: order_items order_items_order_id_fkey; Type: FK CONSTRAINT; Schema: public; Owner: x3ron
--

ALTER TABLE ONLY public.order_items
    ADD CONSTRAINT order_items_order_id_fkey FOREIGN KEY (order_id) REFERENCES public.orders(id);


--
-- Name: order_items order_items_product_id_fkey; Type: FK CONSTRAINT; Schema: public; Owner: x3ron
--

ALTER TABLE ONLY public.order_items
    ADD CONSTRAINT order_items_product_id_fkey FOREIGN KEY (product_id) REFERENCES public.products(id);


--
-- Name: orders orders_user_id_fkey; Type: FK CONSTRAINT; Schema: public; Owner: x3ron
--

ALTER TABLE ONLY public.orders
    ADD CONSTRAINT orders_user_id_fkey FOREIGN KEY (user_id) REFERENCES public.users(id);


--
-- Name: products products_seller_id_fkey; Type: FK CONSTRAINT; Schema: public; Owner: x3ron
--

ALTER TABLE ONLY public.products
    ADD CONSTRAINT products_seller_id_fkey FOREIGN KEY (seller_id) REFERENCES public.users(id);


--
-- Name: sessions sessions_user_id_fkey; Type: FK CONSTRAINT; Schema: public; Owner: x3ron
--

ALTER TABLE ONLY public.sessions
    ADD CONSTRAINT sessions_user_id_fkey FOREIGN KEY (user_id) REFERENCES public.users(id) ON DELETE CASCADE;


--
-- PostgreSQL database dump complete
--

